Tools,Port 1: hurwa TestFinger  s/n:3BA21801,Frame,Face,State,Q0,Qx,Qy,Qz,Tx,Ty,Tz,Error,Markers,State,Tx,Ty,Tz,State,Tx,Ty,Tz,State,Tx,Ty,Tz,State,Tx,Ty,Tz,Port 2: Hurwa SharpProbe  s/n:3B99C404,Frame,Face,State,Q0,Qx,Qy,Qz,Tx,Ty,Tz,Error,Markers,State,Tx,Ty,Tz,State,Tx,Ty,Tz,State,Tx,Ty,Tz,State,Tx,Ty,Tz
2,Port 1: hurwa TestFinger  s/n:3BA21801,1111191427,1,OK,0.9978586,0.0593695,0.0221694,-0.0161837,18.593,-13.653,-1627.287,0.2052634,4,OK,18.534,-13.637,-1627.312,OK,-20.118,30.995,-1621.177,OK,-23.103,-81.621,-1632.807,OK,-46.513,-12.452,-1624.772,Port 2: Hurwa SharpProbe  s/n:3B99C404,1111191427,1,OK,0.4458504,0.0882692,-0.0958999,0.8855671,-34.624,-157.337,-1681.943,0.1395386,4,OK,-33.220,-161.843,-1664.390,OK,-72.091,-189.869,-1668.468,OK,-97.813,-238.541,-1679.339,OK,-131.132,-200.503,-1667.105
2,Port 1: hurwa TestFinger  s/n:3BA21801,1111191430,1,OK,0.9978476,0.0595449,0.0222253,-0.0161413,18.595,-13.651,-1627.283,0.2061127,4,OK,18.543,-13.634,-1627.292,OK,-20.114,30.995,-1621.177,OK,-23.094,-81.624,-1632.839,OK,-46.523,-12.458,-1624.736,Port 2: Hurwa SharpProbe  s/n:3B99C404,1111191430,1,OK,0.4443553,0.0914918,-0.0961422,0.8859652,-34.438,-157.621,-1681.688,0.1219178,4,OK,-32.926,-162.176,-1664.137,OK,-71.723,-190.339,-1668.173,OK,-97.326,-239.067,-1679.036,OK,-130.707,-201.179,-1666.498
2,Port 1: hurwa TestFinger  s/n:3BA21801,1111191433,1,OK,0.9978705,0.0592576,0.0219393,-0.0161776,18.594,-13.651,-1627.269,0.2031633,4,OK,18.537,-13.638,-1627.294,OK,-20.120,30.994,-1621.186,OK,-23.099,-81.614,-1632.791,OK,-46.518,-12.448,-1624.784,Port 2: Hurwa SharpProbe  s/n:3B99C404,1111191433,1,OK,0.4434297,0.0974913,-0.0976978,0.8856188,-34.381,-157.735,-1681.343,0.1248921,4,OK,-32.700,-162.429,-1663.847,OK,-71.465,-190.652,-1667.757,OK,-97.062,-239.349,-1678.800,OK,-130.423,-201.625,-1665.636
2,Port 1: hurwa TestFinger  s/n:3BA21801,1111191436,1,OK,0.9978523,0.0594758,0.0221951,-0.0161465,18.590,-13.645,-1627.290,0.2063287,4,OK,18.532,-13.633,-1627.318,OK,-20.123,30.998,-1621.165,OK,-23.097,-81.616,-1632.821,OK,-46.522,-12.445,-1624.775,Port 2: Hurwa SharpProbe  s/n:3B99C404,1111191436,1,OK,0.4446411,0.1008470,-0.0987439,0.8845190,-34.625,-157.439,-1681.035,0.1437279,4,OK,-32.852,-162.212,-1663.583,OK,-71.725,-190.316,-1667.375,OK,-97.519,-238.914,-1678.551,OK,-130.691,-201.148,-1665.020
2,Port 1: hurwa TestFinger  s/n:3BA21801,1111191439,1,OK,0.9978410,0.0595796,0.0223947,-0.0161879,18.580,-13.646,-1627.287,0.2051610,4,OK,18.526,-13.630,-1627.312,OK,-20.128,30.996,-1621.139,OK,-23.117,-81.613,-1632.817,OK,-46.532,-12.443,-1624.742,Port 2: Hurwa SharpProbe  s/n:3B99C404,1111191439,1,OK,0.4451796,0.1020268,-0.0982138,0.8841717,-34.716,-157.360,-1680.843,0.1104879,4,OK,-32.906,-162.144,-1663.368,OK,-71.808,-190.208,-1667.146,OK,-97.680,-238.751,-1678.171,OK,-130.773,-200.995,-1664.559
2,Port 1: hurwa TestFinger  s/n:3BA21801,1111191442,1,OK,0.9978421,0.0595403,0.0224574,-0.0161777,18.591,-13.655,-1627.303,0.2053920,4,OK,18.534,-13.645,-1627.319,OK,-20.118,30.993,-1621.168,OK,-23.101,-81.624,-1632.832,OK,-46.521,-12.456,-1624.735,Port 2: Hurwa SharpProbe  s/n:3B99C404,1111191442,1,OK,0.4445240,0.1020875,-0.0976752,0.8845542,-34.598,-157.524,-1680.758,0.1094770,4,OK,-32.774,-162.296,-1663.281,OK,-71.632,-190.419,-1667.019,OK,-97.426,-239.005,-1677.991,OK,-130.580,-201.307,-1664.402
2,Port 1: hurwa TestFinger  s/n:3BA21801,1111191445,1,OK,0.9978475,0.0595990,0.0220733,-0.0161555,18.589,-13.647,-1627.265,0.2072549,4,OK,18.532,-13.638,-1627.295,OK,-20.126,30.999,-1621.135,OK,-23.099,-81.613,-1632.820,OK,-46.523,-12.446,-1624.769,Port 2: Hurwa SharpProbe  s/n:3B99C404,1111191445,1,OK,0.4444687,0.1020251,-0.0974870,0.8846099,-34.589,-157.539,-1680.706,0.1353497,4,OK,-32.761,-162.303,-1663.252,OK,-71.621,-190.429,-1666.901,OK,-97.403,-239.041,-1677.921,OK,-130.562,-201.328,-1664.340
2,Port 1: hurwa TestFinger  s/n:3BA21801,1111191448,1,OK,0.9978305,0.0596744,0.0226353,-0.0161544,18.592,-13.650,-1627.298,0.2064922,4,OK,18.534,-13.637,-1627.325,OK,-20.116,30.988,-1621.122,OK,-23.098,-81.620,-1632.821,OK,-46.520,-12.454,-1624.725,Port 2: Hurwa SharpProbe  s/n:3B99C404,1111191448,1,OK,0.4446864,0.1025982,-0.0971752,0.8844686,-34.641,-157.492,-1680.575,0.1472710,4,OK,-32.795,-162.252,-1663.138,OK,-71.663,-190.378,-1666.689,OK,-97.479,-238.972,-1677.707,OK,-130.604,-201.243,-1664.082
2,Port 1: hurwa TestFinger  s/n:3BA21801,1111191451,1,OK,0.9978303,0.0596897,0.0226165,-0.0161357,18.592,-13.651,-1627.292,0.2083901,4,OK,18.531,-13.639,-1627.314,OK,-20.119,30.993,-1621.122,OK,-23.096,-81.630,-1632.824,OK,-46.515,-12.455,-1624.713,Port 2: Hurwa SharpProbe  s/n:3B99C404,1111191451,1,OK,0.4446924,0.1046022,-0.0962715,0.8843296,-34.629,-157.574,-1680.313,0.1243969,4,OK,-32.700,-162.340,-1662.862,OK,-71.577,-190.480,-1666.320,OK,-97.414,-239.070,-1677.172,OK,-130.504,-201.379,-1663.400
2,Port 1: hurwa TestFinger  s/n:3BA21801,1111191454,1,OK,0.9978381,0.0596733,0.0222913,-0.0161685,18.595,-13.647,-1627.259,0.2059556,4,OK,18.539,-13.632,-1627.274,OK,-20.114,30.997,-1621.126,OK,-23.098,-81.619,-1632.821,OK,-46.520,-12.446,-1624.712,Port 2: Hurwa SharpProbe  s/n:3B99C404,1111191454,1,OK,0.4450126,0.1073917,-0.0959366,0.8838705,-34.707,-157.505,-1679.855,0.1019202,4,OK,-32.687,-162.303,-1662.400,OK,-71.597,-190.435,-1665.775,OK,-97.504,-238.974,-1676.517,OK,-130.500,-201.308,-1662.500
2,Port 1: hurwa TestFinger  s/n:3BA21801,1111191457,1,OK,0.9978383,0.0596668,0.0223102,-0.0161481,18.599,-13.651,-1627.266,0.2058115,4,OK,18.543,-13.641,-1627.292,OK,-20.115,30.990,-1621.117,OK,-23.089,-81.620,-1632.815,OK,-46.515,-12.451,-1624.733,Port 2: Hurwa SharpProbe  s/n:3B99C404,1111191457,1,OK,0.4459942,0.1108854,-0.0958402,0.8829543,-34.884,-157.314,-1679.411,0.1385135,4,OK,-32.765,-162.172,-1662.025,OK,-71.728,-190.202,-1665.099,OK,-97.811,-238.694,-1675.916,OK,-130.646,-200.984,-1661.562
2,Port 1: hurwa TestFinger  s/n:3BA21801,1111191460,1,OK,0.9978306,0.0596200,0.0227772,-0.0161456,18.598,-13.641,-1627.299,0.2002153,4,OK,18.542,-13.629,-1627.318,OK,-20.113,30.992,-1621.130,OK,-23.091,-81.609,-1632.811,OK,-46.511,-12.443,-1624.694,Port 2: Hurwa SharpProbe  s/n:3B99C404,1111191460,1,OK,0.4456627,0.1125212,-0.0951969,0.8829843,-34.836,-157.419,-1679.083,0.1193864,4,OK,-32.641,-162.274,-1661.680,OK,-71.597,-190.357,-1664.706,OK,-97.672,-238.856,-1675.390,OK,-130.494,-201.212,-1660.918
2,Port 1: hurwa TestFinger  s/n:3BA21801,1111191463,1,OK,0.9978414,0.0595917,0.0223719,-0.0161516,18.594,-13.650,-1627.280,0.2027400,4,OK,18.536,-13.638,-1627.293,OK,-20.121,30.994,-1621.153,OK,-23.098,-81.621,-1632.827,OK,-46.511,-12.452,-1624.719,Port 2: Hurwa SharpProbe  s/n:3B99C404,1111191463,1,OK,0.4456066,0.1112639,-0.0953741,0.8831528,-34.818,-157.433,-1679.247,0.1302929,4,OK,-32.661,-162.273,-1661.844,OK,-71.617,-190.347,-1664.915,OK,-97.668,-238.876,-1675.646,OK,-130.518,-201.207,-1661.282
2,Port 1: hurwa TestFinger  s/n:3BA21801,1111191466,1,OK,0.9978334,0.0596959,0.0224244,-0.0161874,18.600,-13.644,-1627.283,0.2033619,4,OK,18.543,-13.629,-1627.300,OK,-20.112,30.999,-1621.135,OK,-23.097,-81.617,-1632.836,OK,-46.506,-12.436,-1624.721,Port 2: Hurwa SharpProbe  s/n:3B99C404,1111191466,1,OK,0.4471704,0.1086843,-0.0959998,0.8826157,-35.060,-157.036,-1679.569,0.1331670,4,OK,-33.013,-161.860,-1662.156,OK,-72.054,-189.792,-1665.349,OK,-98.237,-238.234,-1676.152,OK,-131.007,-200.402,-1661.992
2,Port 1: hurwa TestFinger  s/n:3BA21801,1111191469,1,OK,0.9978361,0.0596780,0.0223714,-0.0161615,18.599,-13.644,-1627.274,0.2070798,4,OK,18.538,-13.627,-1627.293,OK,-20.105,30.997,-1621.129,OK,-23.090,-81.616,-1632.826,OK,-46.517,-12.443,-1624.723,Port 2: Hurwa SharpProbe  s/n:3B99C404,1111191469,1,OK,0.4477474,0.1079685,-0.0955533,0.8824594,-35.124,-156.944,-1679.571,0.1304084,4,OK,-33.096,-161.746,-1662.148,OK,-72.161,-189.636,-1665.331,OK,-98.401,-238.053,-1676.073,OK,-131.140,-200.175,-1661.998
2,Port 1: hurwa TestFinger  s/n:3BA21801,1111191472,1,OK,0.9978457,0.0596323,0.0220792,-0.0161372,18.594,-13.648,-1627.245,0.2081888,4,OK,18.539,-13.632,-1627.274,OK,-20.122,30.996,-1621.111,OK,-23.097,-81.620,-1632.804,OK,-46.515,-12.453,-1624.749,Port 2: Hurwa SharpProbe  s/n:3B99C404,1111191472,1,OK,0.4479170,0.1111268,-0.0951847,0.8820210,-35.205,-156.923,-1679.346,0.1341684,4,OK,-33.071,-161.763,-1661.950,OK,-72.163,-189.647,-1664.950,OK,-98.452,-238.047,-1675.652,OK,-131.117,-200.182,-1661.289
2,Port 1: hurwa TestFinger  s/n:3BA21801,1111191475,1,OK,0.9978298,0.0598160,0.0222810,-0.0161661,18.595,-13.644,-1627.234,0.1986500,4,OK,18.540,-13.634,-1627.237,OK,-20.118,30.994,-1621.110,OK,-23.098,-81.604,-1632.828,OK,-46.515,-12.445,-1624.668,Port 2: Hurwa SharpProbe  s/n:3B99C404,1111191475,1,OK,0.4482084,0.1121885,-0.0952362,0.8817330,-35.248,-156.856,-1679.120,0.1118716,4,OK,-33.080,-161.715,-1661.708,OK,-72.197,-189.575,-1664.735,OK,-98.541,-237.936,-1675.371,OK,-131.149,-200.088,-1660.913
2,Port 1: hurwa TestFinger  s/n:3BA21801,1111191478,1,OK,0.9978280,0.0598192,0.0223590,-0.0161559,18.596,-13.651,-1627.269,0.2010667,4,OK,18.543,-13.639,-1627.280,OK,-20.117,30.987,-1621.128,OK,-23.096,-81.615,-1632.851,OK,-46.517,-12.453,-1624.705,Port 2: Hurwa SharpProbe  s/n:3B99C404,1111191478,1,OK,0.4474269,0.1095441,-0.0958429,0.8823964,-35.105,-157.015,-1679.583,0.1370030,4,OK,-33.028,-161.849,-1662.181,OK,-72.089,-189.761,-1665.307,OK,-98.307,-238.187,-1676.097,OK,-131.046,-200.345,-1661.859
2,Port 1: hurwa TestFinger  s/n:3BA21801,1111191481,1,OK,0.9978190,0.0599203,0.0224765,-0.0161737,18.593,-13.643,-1627.306,0.2061674,4,OK,18.539,-13.628,-1627.329,OK,-20.115,30.998,-1621.125,OK,-23.102,-81.610,-1632.879,OK,-46.520,-12.442,-1624.747,Port 2: Hurwa SharpProbe  s/n:3B99C404,1111191481,1,OK,0.4458149,0.1058452,-0.0979842,0.8834279,-34.862,-157.229,-1680.448,0.1220822,4,OK,-32.931,-162.067,-1663.013,OK,-71.885,-190.079,-1666.556,OK,-97.887,-238.571,-1677.572,OK,-130.845,-200.817,-1663.605
2,Port 1: hurwa TestFinger  s/n:3BA21801,1111191484,1,OK,0.9978120,0.0600967,0.0223052,-0.0161864,18.589,-13.649,-1627.295,0.2119087,4,OK,18.532,-13.631,-1627.317,OK,-20.115,30.998,-1621.113,OK,-23.110,-81.621,-1632.908,OK,-46.525,-12.451,-1624.757,Port 2: Hurwa SharpProbe  s/n:3B99C404,1111191484,1,OK,0.4448866,0.1031669,-0.0995502,0.8840375,-34.709,-157.354,-1681.217,0.1117565,4,OK,-32.889,-162.205,-1663.767,OK,-71.779,-190.266,-1667.592,OK,-97.635,-238.763,-1678.776,OK,-130.739,-201.081,-1665.011
2,Port 1: hurwa TestFinger  s/n:3BA21801,1111191487,1,OK,0.9978286,0.0598268,0.0223217,-0.0161425,18.587,-13.647,-1627.325,0.2083104,4,OK,18.523,-13.631,-1627.351,OK,-20.123,30.994,-1621.159,OK,-23.104,-81.617,-1632.894,OK,-46.519,-12.453,-1624.792,Port 2: Hurwa SharpProbe  s/n:3B99C404,1111191487,1,OK,0.4448565,0.1037594,-0.1020394,0.8836994,-34.732,-157.246,-1681.687,0.1339551,4,OK,-32.933,-162.186,-1664.282,OK,-71.832,-190.195,-1668.225,OK,-97.714,-238.631,-1679.735,OK,-130.817,-200.993,-1665.815
2,Port 1: hurwa TestFinger  s/n:3BA21801,1111191490,1,OK,0.9978236,0.0597241,0.0228075,-0.0161536,18.585,-13.639,-1627.373,0.2041323,4,OK,18.538,-13.630,-1627.389,OK,-20.130,31.003,-1621.196,OK,-23.107,-81.618,-1632.901,OK,-46.525,-12.436,-1624.757,Port 2: Hurwa SharpProbe  s/n:3B99C404,1111191490,1,OK,0.4452608,0.1026180,-0.1025544,0.8835695,-34.776,-157.149,-1681.783,0.1321036,4,OK,-33.015,-162.086,-1664.370,OK,-71.951,-190.060,-1668.411,OK,-97.862,-238.441,-1679.959,OK,-130.948,-200.796,-1666.134
2,Port 1: hurwa TestFinger  s/n:3BA21801,1111191493,1,OK,0.9978646,0.0594255,0.0217617,-0.0161644,18.589,-13.655,-1627.275,0.2096534,4,OK,18.536,-13.642,-1627.311,OK,-20.127,30.991,-1621.174,OK,-23.100,-81.628,-1632.825,OK,-46.530,-12.445,-1624.829,Port 2: Hurwa SharpProbe  s/n:3B99C404,1111191493,1,OK,0.4452595,0.1016210,-0.1031148,0.8836201,-34.762,-157.137,-1682.076,0.1316769,4,OK,-33.048,-162.080,-1664.662,OK,-71.977,-190.036,-1668.789,OK,-97.868,-238.417,-1680.407,OK,-130.980,-200.750,-1666.648
2,Port 1: hurwa TestFinger  s/n:3BA21801,1111191496,1,OK,0.9978471,0.0595679,0.0221772,-0.0161567,18.594,-13.646,-1627.341,0.2078321,4,OK,18.539,-13.633,-1627.372,OK,-20.121,30.998,-1621.204,OK,-23.096,-81.619,-1632.883,OK,-46.520,-12.442,-1624.833,Port 2: Hurwa SharpProbe  s/n:3B99C404,1111191496,1,OK,0.4438383,0.1018841,-0.1042853,0.8841673,-34.575,-157.335,-1682.279,0.1406363,4,OK,-32.864,-162.309,-1664.879,OK,-71.715,-190.366,-1669.096,OK,-97.453,-238.830,-1680.886,OK,-130.679,-201.236,-1667.051
2,Port 1: hurwa TestFinger  s/n:3BA21801,1111191499,1,OK,0.9978335,0.0595723,0.0227742,-0.0161485,18.599,-13.651,-1627.359,0.2023656,4,OK,18.547,-13.637,-1627.376,OK,-20.113,30.986,-1621.194,OK,-23.093,-81.625,-1632.866,OK,-46.513,-12.453,-1624.752,Port 2: Hurwa SharpProbe  s/n:3B99C404,1111191499,1,OK,0.4408230,0.1032626,-0.1051329,0.8854146,-34.117,-157.949,-1682.410,0.1560139,4,OK,-32.354,-162.972,-1665.042,OK,-71.025,-191.254,-1669.271,OK,-96.462,-239.847,-1681.220,OK,-129.926,-202.542,-1667.251
2,Port 1: hurwa TestFinger  s/n:3BA21801,1111191502,1,OK,0.9978530,0.0594598,0.0222041,-0.0161551,18.591,-13.652,-1627.316,0.2142835,4,OK,18.536,-13.640,-1627.362,OK,-20.122,30.994,-1621.162,OK,-23.098,-81.625,-1632.826,OK,-46.525,-12.450,-1624.828,Port 2: Hurwa SharpProbe  s/n:3B99C404,1111191502,1,OK,0.4378864,0.1064785,-0.1064488,0.8863332,-33.712,-158.489,-1682.443,0.1236123,4,OK,-31.856,-163.597,-1665.080,OK,-70.356,-192.112,-1669.414,OK,-95.523,-240.780,-1681.463,OK,-129.173,-203.780,-1667.165
2,Port 1: hurwa TestFinger  s/n:3BA21801,1111191505,1,OK,0.9978382,0.0596378,0.0223952,-0.0161464,18.588,-13.651,-1627.337,0.2080266,4,OK,18.539,-13.640,-1627.357,OK,-20.128,30.997,-1621.193,OK,-23.102,-81.629,-1632.882,OK,-46.527,-12.452,-1624.783,Port 2: Hurwa SharpProbe  s/n:3B99C404,1111191505,1,OK,0.4366962,0.1080889,-0.1071002,0.8866469,-33.568,-158.697,-1682.425,0.1239171,4,OK,-31.658,-163.844,-1665.076,OK,-70.105,-192.448,-1669.424,OK,-95.165,-241.159,-1681.551,OK,-128.883,-204.275,-1667.083
2,Port 1: hurwa TestFinger  s/n:3BA21801,1111191508,1,OK,0.9978438,0.0596264,0.0222059,-0.0161066,18.587,-13.648,-1627.319,0.2062448,4,OK,18.534,-13.637,-1627.340,OK,-20.132,30.994,-1621.191,OK,-23.096,-81.624,-1632.878,OK,-46.528,-12.452,-1624.792,Port 2: Hurwa SharpProbe  s/n:3B99C404,1111191508,1,OK,0.4372679,0.1078509,-0.1061241,0.8865115,-33.641,-158.619,-1682.260,0.1163701,4,OK,-31.731,-163.730,-1664.897,OK,-70.196,-192.318,-1669.179,OK,-95.322,-241.007,-1681.177,OK,-128.986,-204.077,-1666.770
2,Port 1: hurwa TestFinger  s/n:3BA21801,1111191511,1,OK,0.9978652,0.0592220,0.0223045,-0.0161345,18.593,-13.644,-1627.324,0.2042160,4,OK,18.540,-13.633,-1627.345,OK,-20.124,31.001,-1621.223,OK,-23.095,-81.619,-1632.818,OK,-46.519,-12.449,-1624.785,Port 2: Hurwa SharpProbe  s/n:3B99C404,1111191511,1,OK,0.4379297,0.1078669,-0.1046915,0.8863532,-33.710,-158.577,-1682.020,0.1156091,4,OK,-31.782,-163.648,-1664.646,OK,-70.289,-192.208,-1668.796,OK,-95.459,-240.908,-1680.633,OK,-129.079,-203.886,-1666.267
2,Port 1: hurwa TestFinger  s/n:3BA21801,1111191514,1,OK,0.9978453,0.0595519,0.0222854,-0.0161794,18.592,-13.654,-1627.299,0.2092803,4,OK,18.535,-13.643,-1627.326,OK,-20.117,30.995,-1621.159,OK,-23.098,-81.628,-1632.833,OK,-46.523,-12.448,-1624.771,Port 2: Hurwa SharpProbe  s/n:3B99C404,1111191514,1,OK,0.4384205,0.1074519,-0.1031090,0.8863465,-33.765,-158.551,-1681.748,0.0984543,4,OK,-31.830,-163.575,-1664.343,OK,-70.359,-192.112,-1668.423,OK,-95.569,-240.818,-1680.030,OK,-129.140,-203.764,-1665.772
2,Port 1: hurwa TestFinger  s/n:3BA21801,1111191517,1,OK,0.9978152,0.0599328,0.0226300,-0.0161483,18.593,-13.645,-1627.311,0.2072955,4,OK,18.538,-13.632,-1627.326,OK,-20.119,30.999,-1621.129,OK,-23.100,-81.621,-1632.882,OK,-46.514,-12.450,-1624.720,Port 2: Hurwa SharpProbe  s/n:3B99C404,1111191517,1,OK,0.4397780,0.1073075,-0.1032840,0.8856709,-33.970,-158.264,-1681.636,0.1389112,4,OK,-32.053,-163.291,-1664.274,OK,-70.648,-191.704,-1668.223,OK,-96.037,-240.348,-1679.941,OK,-129.488,-203.188,-1665.680
2,Port 1: hurwa TestFinger  s/n:3BA21801,1111191520,1,OK,0.9978411,0.0596751,0.0221703,-0.0161432,18.593,-13.649,-1627.287,0.2067596,4,OK,18.542,-13.637,-1627.300,OK,-20.122,30.997,-1621.168,OK,-23.095,-81.627,-1632.863,OK,-46.526,-12.447,-1624.751,Port 2: Hurwa SharpProbe  s/n:3B99C404,1111191520,1,OK,0.4411386,0.1067112,-0.1036525,0.8850229,-34.174,-157.975,-1681.717,0.1141350,4,OK,-32.278,-163.004,-1664.324,OK,-70.983,-191.309,-1668.397,OK,-96.497,-239.854,-1680.064,OK,-129.855,-202.597,-1665.839
2,Port 1: hurwa TestFinger  s/n:3BA21801,1111191523,1,OK,0.9978271,0.0598940,0.0222238,-0.0161196,18.596,-13.650,-1627.260,0.2052661,4,OK,18.536,-13.639,-1627.276,OK,-20.121,30.990,-1621.114,OK,-23.089,-81.625,-1632.859,OK,-46.513,-12.451,-1624.722,Port 2: Hurwa SharpProbe  s/n:3B99C404,1111191523,1,OK,0.4418412,0.1064535,-0.1047002,0.8845801,-34.324,-157.735,-1681.944,0.1272216,4,OK,-32.462,-162.790,-1664.570,OK,-71.204,-191.015,-1668.689,OK,-96.805,-239.520,-1680.505,OK,-130.111,-202.184,-1666.247
2,Port 1: hurwa TestFinger  s/n:3BA21801,1111191526,1,OK,0.9978277,0.0598306,0.0223460,-0.0161480,18.591,-13.650,-1627.265,0.2105023,4,OK,18.534,-13.639,-1627.300,OK,-20.125,30.995,-1621.084,OK,-23.100,-81.623,-1632.826,OK,-46.515,-12.450,-1624.741,Port 2: Hurwa SharpProbe  s/n:3B99C404,1111191526,1,OK,0.4427797,0.1038053,-0.1049183,0.8843996,-34.428,-157.546,-1682.201,0.1327909,4,OK,-32.656,-162.573,-1664.814,OK,-71.453,-190.704,-1669.037,OK,-97.115,-239.164,-1680.878,OK,-130.392,-201.741,-1666.861
2,Port 1: hurwa TestFinger  s/n:3BA21801,1111191529,1,OK,0.9978329,0.0597681,0.0222840,-0.0161468,18.599,-13.655,-1627.270,0.2127379,4,OK,18.541,-13.640,-1627.301,OK,-20.112,30.994,-1621.106,OK,-23.093,-81.628,-1632.831,OK,-46.513,-12.462,-1624.749,Port 2: Hurwa SharpProbe  s/n:3B99C404,1111191529,1,OK,0.4427953,0.1030482,-0.1051640,0.8844512,-34.430,-157.523,-1682.292,0.1320544,4,OK,-32.683,-162.539,-1664.897,OK,-71.486,-190.673,-1669.183,OK,-97.135,-239.144,-1681.050,OK,-130.426,-201.686,-1667.087
2,Port 1: hurwa TestFinger  s/n:3BA21801,1111191532,1,OK,0.9978576,0.0594527,0.0219989,-0.0161749,18.604,-13.647,-1627.277,0.2083085,4,OK,18.548,-13.633,-1627.296,OK,-20.106,31.006,-1621.183,OK,-23.088,-81.617,-1632.830,OK,-46.514,-12.447,-1624.774,Port 2: Hurwa SharpProbe  s/n:3B99C404,1111191532,1,OK,0.4422109,0.1019901,-0.1045121,0.8849434,-34.303,-157.678,-1682.376,0.1549405,4,OK,-32.581,-162.663,-1664.995,OK,-71.327,-190.845,-1669.204,OK,-96.892,-239.383,-1681.072,OK,-130.265,-201.941,-1667.235
2,Port 1: hurwa TestFinger  s/n:3BA21801,1111191535,1,OK,0.9978578,0.0594795,0.0219298,-0.0161610,18.598,-13.656,-1627.268,0.2027490,4,OK,18.542,-13.645,-1627.283,OK,-20.119,30.990,-1621.182,OK,-23.092,-81.624,-1632.833,OK,-46.514,-12.453,-1624.768,Port 2: Hurwa SharpProbe  s/n:3B99C404,1111191535,1,OK,0.4413211,0.1025612,-0.1048052,0.8852868,-34.188,-157.848,-1682.333,0.1244937,4,OK,-32.451,-162.841,-1664.924,OK,-71.143,-191.109,-1669.243,OK,-96.620,-239.690,-1681.080,OK,-130.051,-202.301,-1667.178
2,Port 1: hurwa TestFinger  s/n:3BA21801,1111191538,1,OK,0.9978336,0.0598646,0.0219864,-0.0161533,18.591,-13.647,-1627.283,0.2085754,4,OK,18.534,-13.630,-1627.291,OK,-20.123,31.003,-1621.169,OK,-23.100,-81.628,-1632.905,OK,-46.519,-12.442,-1624.764,Port 2: Hurwa SharpProbe  s/n:3B99C404,1111191538,1,OK,0.4411765,0.1022040,-0.1040796,0.8854858,-34.161,-157.909,-1682.253,0.1359511,4,OK,-32.419,-162.879,-1664.850,OK,-71.101,-191.162,-1669.089,OK,-96.551,-239.768,-1680.874,OK,-130.007,-202.397,-1667.041
2,Port 1: hurwa TestFinger  s/n:3BA21801,1111191541,1,OK,0.9978623,0.0593999,0.0219558,-0.0161355,18.592,-13.648,-1627.267,0.2059820,4,OK,18.538,-13.634,-1627.287,OK,-20.124,30.999,-1621.180,OK,-23.095,-81.623,-1632.815,OK,-46.521,-12.450,-1624.771,Port 2: Hurwa SharpProbe  s/n:3B99C404,1111191541,1,OK,0.4412753,0.1044940,-0.1036487,0.8852198,-34.190,-157.922,-1682.035,0.1278961,4,OK,-32.368,-162.916,-1664.639,OK,-71.068,-191.205,-1668.762,OK,-96.560,-239.783,-1680.474,OK,-129.959,-202.450,-1666.446
2,Port 1: hurwa TestFinger  s/n:3BA21801,1111191544,1,OK,0.9978567,0.0594834,0.0219770,-0.0161448,18.591,-13.657,-1627.248,0.2074827,4,OK,18.533,-13.642,-1627.272,OK,-20.123,30.989,-1621.143,OK,-23.097,-81.631,-1632.800,OK,-46.523,-12.457,-1624.757,Port 2: Hurwa SharpProbe  s/n:3B99C404,1111191544,1,OK,0.4413630,0.1069853,-0.1032247,0.8849279,-34.214,-157.949,-1681.668,0.1234136,4,OK,-32.312,-162.974,-1664.289,OK,-71.015,-191.261,-1668.269,OK,-96.561,-239.805,-1679.919,OK,-129.894,-202.529,-1665.683
2,Port 1: hurwa TestFinger  s/n:3BA21801,1111191547,1,OK,0.9978379,0.0597378,0.0221714,-0.0161063,18.594,-13.648,-1627.283,0.2102382,4,OK,18.539,-13.634,-1627.302,OK,-20.122,30.998,-1621.149,OK,-23.090,-81.630,-1632.862,OK,-46.521,-12.455,-1624.758,Port 2: Hurwa SharpProbe  s/n:3B99C404,1111191547,1,OK,0.4396848,0.1095259,-0.1025327,0.8855328,-33.987,-158.303,-1681.193,0.1326478,4,OK,-31.976,-163.335,-1663.832,OK,-70.590,-191.777,-1667.655,OK,-95.990,-240.441,-1679.266,OK,-129.405,-203.298,-1664.822
2,Port 1: hurwa TestFinger  s/n:3BA21801,1111191550,1,OK,0.9978331,0.0598884,0.0219427,-0.0161536,18.599,-13.656,-1627.260,0.2054049,4,OK,18.538,-13.639,-1627.265,OK,-20.113,30.989,-1621.154,OK,-23.092,-81.627,-1632.892,OK,-46.511,-12.455,-1624.742,Port 2: Hurwa SharpProbe  s/n:3B99C404,1111191550,1,OK,0.4387229,0.1147995,-0.1018093,0.8854254,-33.880,-158.551,-1680.648,0.1104435,4,OK,-31.692,-163.642,-1663.306,OK,-70.256,-192.184,-1666.914,OK,-95.620,-240.870,-1678.401,OK,-129.003,-203.870,-1663.494
2,Port 1: hurwa TestFinger  s/n:3BA21801,1111191553,1,OK,0.9978391,0.0596456,0.0223380,-0.0161443,18.593,-13.652,-1627.322,0.2086490,4,OK,18.534,-13.640,-1627.354,OK,-20.119,30.988,-1621.162,OK,-23.094,-81.625,-1632.859,OK,-46.519,-12.452,-1624.796,Port 2: Hurwa SharpProbe  s/n:3B99C404,1111191553,1,OK,0.4388546,0.1149023,-0.1012494,0.8854110,-33.884,-158.563,-1680.378,0.1345899,4,OK,-31.678,-163.636,-1663.055,OK,-70.246,-192.172,-1666.541,OK,-95.637,-240.875,-1678.021,OK,-129.007,-203.864,-1663.127
2,Port 1: hurwa TestFinger  s/n:3BA21801,1111191556,1,OK,0.9978365,0.0596643,0.0224039,-0.0161433,18.592,-13.659,-1627.311,0.2064272,4,OK,18.539,-13.640,-1627.332,OK,-20.118,30.981,-1621.161,OK,-23.101,-81.633,-1632.857,OK,-46.522,-12.466,-1624.760,Port 2: Hurwa SharpProbe  s/n:3B99C404,1111191556,1,OK,0.4391580,0.1135434,-0.1006382,0.8855056,-33.920,-158.533,-1680.503,0.1202252,4,OK,-31.748,-163.570,-1663.151,OK,-70.334,-192.092,-1666.682,OK,-95.721,-240.793,-1678.055,OK,-129.097,-203.740,-1663.314
2,Port 1: hurwa TestFinger  s/n:3BA21801,1111191559,1,OK,0.9978296,0.0597724,0.0223998,-0.0161766,18.590,-13.655,-1627.297,0.2026072,4,OK,18.533,-13.641,-1627.313,OK,-20.121,30.986,-1621.146,OK,-23.105,-81.621,-1632.862,OK,-46.517,-12.454,-1624.737,Port 2: Hurwa SharpProbe  s/n:3B99C404,1111191559,1,OK,0.4393560,0.1148290,-0.1004393,0.8852641,-33.968,-158.480,-1680.248,0.1200573,4,OK,-31.759,-163.523,-1662.904,OK,-70.352,-192.043,-1666.359,OK,-95.791,-240.743,-1677.712,OK,-129.105,-203.665,-1662.850
2,Port 1: hurwa TestFinger  s/n:3BA21801,1111191562,1,OK,0.9978444,0.0597368,0.0218208,-0.0161821,18.598,-13.656,-1627.257,0.2047734,4,OK,18.543,-13.638,-1627.263,OK,-20.114,30.991,-1621.169,OK,-23.098,-81.626,-1632.874,OK,-46.517,-12.451,-1624.758,Port 2: Hurwa SharpProbe  s/n:3B99C404,1111191562,1,OK,0.4392067,0.1197671,-0.1004646,0.8846809,-33.970,-158.533,-1679.799,0.1046132,4,OK,-31.604,-163.657,-1662.483,OK,-70.203,-192.190,-1665.775,OK,-95.708,-240.837,-1677.078,OK,-128.922,-203.879,-1661.763
2,Port 1: hurwa TestFinger  s/n:3BA21801,1111191565,1,OK,0.9978350,0.0598182,0.0220444,-0.0161580,18.596,-13.657,-1627.278,0.2038680,4,OK,18.539,-13.637,-1627.291,OK,-20.118,30.984,-1621.156,OK,-23.099,-81.630,-1632.882,OK,-46.512,-12.454,-1624.760,Port 2: Hurwa SharpProbe  s/n:3B99C404,1111191565,1,OK,0.4388178,0.1240716,-0.1011876,0.8841981,-33.974,-158.579,-1679.446,0.1415570,4,OK,-31.479,-163.794,-1662.213,OK,-70.075,-192.335,-1665.269,OK,-95.613,-240.962,-1676.745,OK,-128.760,-204.111,-1660.998
2,Port 1: hurwa TestFinger  s/n:3BA21801,1111191568,1,OK,0.9978401,0.0596226,0.0223395,-0.0161620,18.592,-13.650,-1627.287,0.2020177,4,OK,18.537,-13.640,-1627.303,OK,-20.123,30.992,-1621.157,OK,-23.100,-81.619,-1632.839,OK,-46.518,-12.448,-1624.733,Port 2: Hurwa SharpProbe  s/n:3B99C404,1111191568,1,OK,0.4374232,0.1291272,-0.1021092,0.8840593,-33.823,-158.808,-1679.117,0.1383656,4,OK,-31.174,-164.120,-1661.934,OK,-69.707,-192.775,-1664.882,OK,-95.180,-241.404,-1676.462,OK,-128.320,-204.752,-1660.215
2,Port 1: hurwa TestFinger  s/n:3BA21801,1111191571,1,OK,0.9978311,0.0597133,0.0225049,-0.0161562,18.591,-13.653,-1627.342,0.2030936,4,OK,18.534,-13.644,-1627.358,OK,-20.121,30.987,-1621.188,OK,-23.098,-81.625,-1632.892,OK,-46.519,-12.449,-1624.768,Port 2: Hurwa SharpProbe  s/n:3B99C404,1111191571,1,OK,0.4378521,0.1317143,-0.1030710,0.8833534,-33.940,-158.673,-1678.970,0.1232916,4,OK,-31.234,-164.056,-1661.802,OK,-69.807,-192.654,-1664.757,OK,-95.376,-241.231,-1676.397,OK,-128.404,-204.576,-1659.863
2,Port 1: hurwa TestFinger  s/n:3BA21801,1111191574,1,OK,0.9978425,0.0595497,0.0224247,-0.0161642,18.593,-13.651,-1627.327,0.2047552,4,OK,18.537,-13.639,-1627.335,OK,-20.117,30.997,-1621.209,OK,-23.098,-81.624,-1632.870,OK,-46.519,-12.451,-1624.750,Port 2: Hurwa SharpProbe  s/n:3B99C404,1111191574,1,OK,0.4399399,0.1302182,-0.1037168,0.8824619,-34.248,-158.215,-1679.207,0.1038455,4,OK,-31.606,-163.603,-1662.008,OK,-70.329,-192.017,-1665.112,OK,-96.097,-240.449,-1676.731,OK,-128.983,-203.650,-1660.310
2,Port 1: hurwa TestFinger  s/n:3BA21801,1111191577,1,OK,0.9978390,0.0598564,0.0217604,-0.0161559,18.599,-13.655,-1627.281,0.2083253,4,OK,18.545,-13.642,-1627.310,OK,-20.115,30.990,-1621.154,OK,-23.092,-81.616,-1632.898,OK,-46.517,-12.458,-1624.825,Port 2: Hurwa SharpProbe  s/n:3B99C404,1111191577,1,OK,0.4404570,0.1324836,-0.1059336,0.8816029,-34.394,-157.980,-1679.296,0.1308892,4,OK,-31.726,-163.473,-1662.165,OK,-70.492,-191.796,-1665.256,OK,-96.387,-240.135,-1677.181,OK,-129.165,-203.350,-1660.454
2,Port 1: hurwa TestFinger  s/n:3BA21801,1111191580,1,OK,0.9978303,0.0599086,0.0220084,-0.0161623,18.601,-13.656,-1627.287,0.2082261,4,OK,18.546,-13.645,-1627.314,OK,-20.113,30.990,-1621.137,OK,-23.091,-81.618,-1632.892,OK,-46.514,-12.458,-1624.796,Port 2: Hurwa SharpProbe  s/n:3B99C404,1111191580,1,OK,0.4403392,0.1332135,-0.1063740,0.8814988,-34.391,-157.995,-1679.411,0.1068128,4,OK,-31.708,-163.513,-1662.267,OK,-70.469,-191.846,-1665.437,OK,-96.363,-240.151,-1677.348,OK,-129.145,-203.408,-1660.539
2,Port 1: hurwa TestFinger  s/n:3BA21801,1111191583,1,OK,0.9978338,0.0597800,0.0222107,-0.0161460,18.595,-13.654,-1627.302,0.2062372,4,OK,18.538,-13.641,-1627.322,OK,-20.119,30.989,-1621.159,OK,-23.093,-81.628,-1632.881,OK,-46.517,-12.451,-1624.772,Port 2: Hurwa SharpProbe  s/n:3B99C404,1111191583,1,OK,0.4403237,0.1332142,-0.1068821,0.8814450,-34.399,-157.981,-1679.418,0.1255028,4,OK,-31.711,-163.507,-1662.290,OK,-70.496,-191.834,-1665.462,OK,-96.399,-240.136,-1677.463,OK,-129.161,-203.405,-1660.638
2,Port 1: hurwa TestFinger  s/n:3BA21801,1111191586,1,OK,0.9978504,0.0595113,0.0221489,-0.0161989,18.604,-13.658,-1627.331,0.2052344,4,OK,18.545,-13.642,-1627.358,OK,-20.103,30.984,-1621.207,OK,-23.092,-81.626,-1632.870,OK,-46.509,-12.450,-1624.821,Port 2: Hurwa SharpProbe  s/n:3B99C404,1111191586,1,OK,0.4398932,0.1337436,-0.1069388,0.8815729,-34.325,-158.069,-1679.510,0.0974072,4,OK,-31.627,-163.614,-1662.364,OK,-70.372,-191.973,-1665.601,OK,-96.229,-240.265,-1677.544,OK,-129.039,-203.600,-1660.676
2,Port 1: hurwa TestFinger  s/n:3BA21801,1111191589,1,OK,0.9978452,0.0596857,0.0219593,-0.0161362,18.612,-13.651,-1627.311,0.2037604,4,OK,18.551,-13.637,-1627.321,OK,-20.109,30.993,-1621.212,OK,-23.077,-81.631,-1632.908,OK,-46.490,-12.446,-1624.800,Port 2: Hurwa SharpProbe  s/n:3B99C404,1111191589,1,OK,0.4389807,0.1352722,-0.1075798,0.8817165,-34.225,-158.219,-1679.619,0.0947570,4,OK,-31.484,-163.798,-1662.486,OK,-70.176,-192.231,-1665.745,OK,-95.974,-240.549,-1677.758,OK,-128.820,-203.974,-1660.723
2,Port 1: hurwa TestFinger  s/n:3BA21801,1111191592,1,OK,0.9978293,0.0599614,0.0219318,-0.0161374,18.608,-13.659,-1627.304,0.2158332,4,OK,18.561,-13.643,-1627.338,OK,-20.107,30.989,-1621.146,OK,-23.081,-81.640,-1632.919,OK,-46.515,-12.458,-1624.832,Port 2: Hurwa SharpProbe  s/n:3B99C404,1111191592,1,OK,0.4375162,0.1373141,-0.1083399,0.8820356,-34.001,-158.506,-1679.636,0.0984178,4,OK,-31.206,-164.151,-1662.543,OK,-69.826,-192.671,-1665.769,OK,-95.474,-241.027,-1677.910,OK,-128.401,-204.613,-1660.664
2,Port 1: hurwa TestFinger  s/n:3BA21801,1111191595,1,OK,0.9978447,0.0595364,0.0223593,-0.0161670,18.602,-13.646,-1627.311,0.2107899,4,OK,18.555,-13.634,-1627.336,OK,-20.111,31.007,-1621.171,OK,-23.092,-81.623,-1632.840,OK,-46.515,-12.449,-1624.770,Port 2: Hurwa SharpProbe  s/n:3B99C404,1111191595,1,OK,0.4379292,0.1363237,-0.1092792,0.8818684,-34.103,-158.326,-1679.745,0.1058275,4,OK,-31.356,-163.978,-1662.651,OK,-69.993,-192.446,-1665.977,OK,-95.712,-240.775,-1678.229,OK,-128.606,-204.326,-1661.040
2,Port 1: hurwa TestFinger  s/n:3BA21801,1111191598,1,OK,0.9978746,0.0593854,0.0214477,-0.0161166,18.597,-13.666,-1627.302,0.2055175,4,OK,18.540,-13.640,-1627.326,OK,-20.123,30.978,-1621.248,OK,-23.097,-81.634,-1632.883,OK,-46.509,-12.479,-1624.883,Port 2: Hurwa SharpProbe  s/n:3B99C404,1111191598,1,OK,0.4380575,0.1345623,-0.1098522,0.8820040,-34.122,-158.286,-1680.002,0.1320789,4,OK,-31.436,-163.930,-1662.925,OK,-70.093,-192.376,-1666.289,OK,-95.783,-240.691,-1678.674,OK,-128.724,-204.212,-1661.624
2,Port 1: hurwa TestFinger  s/n:3BA21801,1111191601,1,OK,0.9978415,0.0595792,0.0223899,-0.0161693,18.605,-13.663,-1627.388,0.2071872,4,OK,18.543,-13.651,-1627.420,OK,-20.102,30.977,-1621.230,OK,-23.084,-81.630,-1632.911,OK,-46.507,-12.460,-1624.855,Port 2: Hurwa SharpProbe  s/n:3B99C404,1111191601,1,OK,0.4374610,0.1319867,-0.1100131,0.8826690,-33.998,-158.414,-1680.360,0.1155802,4,OK,-31.379,-164.006,-1663.226,OK,-69.997,-192.514,-1666.816,OK,-95.586,-240.906,-1679.172,OK,-128.653,-204.393,-1662.348
2,Port 1: hurwa TestFinger  s/n:3BA21801,1111191604,1,OK,0.9978644,0.0595026,0.0215475,-0.0161813,18.607,-13.657,-1627.318,0.2094308,4,OK,18.543,-13.635,-1627.346,OK,-20.109,30.994,-1621.239,OK,-23.091,-81.633,-1632.904,OK,-46.494,-12.450,-1624.890,Port 2: Hurwa SharpProbe  s/n:3B99C404,1111191604,1,OK,0.4371209,0.1307771,-0.1096986,0.8830566,-33.937,-158.469,-1680.499,0.0993575,4,OK,-31.362,-164.044,-1663.344,OK,-69.946,-192.577,-1666.991,OK,-95.468,-240.981,-1679.291,OK,-128.571,-204.501,-1662.608
2,Port 1: hurwa TestFinger  s/n:3BA21801,1111191607,1,OK,0.9978482,0.0595515,0.0221947,-0.0161242,18.599,-13.660,-1627.335,0.2107639,4,OK,18.552,-13.644,-1627.349,OK,-20.119,30.992,-1621.224,OK,-23.089,-81.650,-1632.893,OK,-46.520,-12.460,-1624.797,Port 2: Hurwa SharpProbe  s/n:3B99C404,1111191607,1,OK,0.4373847,0.1301519,-0.1094626,0.8830476,-33.963,-158.446,-1680.434,0.1313115,4,OK,-31.402,-163.996,-1663.304,OK,-69.993,-192.523,-1666.854,OK,-95.543,-240.934,-1679.213,OK,-128.646,-204.403,-1662.587
2,Port 1: hurwa TestFinger  s/n:3BA21801,1111191610,1,OK,0.9978366,0.0593811,0.0231192,-0.0161689,18.608,-13.658,-1627.442,0.2075736,4,OK,18.568,-13.659,-1627.457,OK,-20.106,30.999,-1621.272,OK,-23.085,-81.631,-1632.899,OK,-46.507,-12.466,-1624.784,Port 2: Hurwa SharpProbe  s/n:3B99C404,1111191610,1,OK,0.4374725,0.1309308,-0.1097603,0.8828519,-33.997,-158.398,-1680.437,0.1154690,4,OK,-31.424,-163.980,-1663.305,OK,-70.019,-192.479,-1666.884,OK,-95.582,-240.870,-1679.238,OK,-128.678,-204.350,-1662.526
2,Port 1: hurwa TestFinger  s/n:3BA21801,1111191613,1,OK,0.9978138,0.0599981,0.0225433,-0.0161163,18.594,-13.661,-1627.340,0.2169250,4,OK,18.535,-13.650,-1627.369,OK,-20.116,30.989,-1621.138,OK,-23.090,-81.643,-1632.916,OK,-46.521,-12.469,-1624.782,Port 2: Hurwa SharpProbe  s/n:3B99C404,1111191613,1,OK,0.4360570,0.1318683,-0.1096423,0.8834272,-33.772,-158.710,-1680.433,0.1237864,4,OK,-31.153,-164.295,-1663.315,OK,-69.667,-192.920,-1666.850,OK,-95.087,-241.384,-1679.229,OK,-128.286,-204.985,-1662.441
2,Port 1: hurwa TestFinger  s/n:3BA21801,1111191616,1,OK,0.9978441,0.0595137,0.0224536,-0.0161586,18.597,-13.667,-1627.322,0.2048271,4,OK,18.543,-13.654,-1627.346,OK,-20.118,30.976,-1621.179,OK,-23.096,-81.643,-1632.841,OK,-46.509,-12.466,-1624.767,Port 2: Hurwa SharpProbe  s/n:3B99C404,1111191616,1,OK,0.4346692,0.1328803,-0.1092762,0.8840047,-33.555,-159.034,-1680.520,0.0987122,4,OK,-30.892,-164.628,-1663.386,OK,-69.315,-193.365,-1666.945,OK,-94.609,-241.876,-1679.229,OK,-127.873,-205.652,-1662.393
2,Port 1: hurwa TestFinger  s/n:3BA21801,1111191619,1,OK,0.9978496,0.0594320,0.0224070,-0.0161857,18.603,-13.655,-1627.360,0.2058012,4,OK,18.546,-13.648,-1627.380,OK,-20.107,30.995,-1621.233,OK,-23.089,-81.626,-1632.875,OK,-46.508,-12.451,-1624.804,Port 2: Hurwa SharpProbe  s/n:3B99C404,1111191619,1,OK,0.4351664,0.1335054,-0.1098634,0.8835930,-33.667,-158.865,-1680.433,0.1313543,4,OK,-30.997,-164.483,-1663.346,OK,-69.456,-193.177,-1666.810,OK,-94.816,-241.645,-1679.244,OK,-128.038,-205.379,-1662.313
2,Port 1: hurwa TestFinger  s/n:3BA21801,1111191622,1,OK,0.9978395,0.0596123,0.0223921,-0.0161628,18.595,-13.668,-1627.325,0.2036146,4,OK,18.545,-13.660,-1627.326,OK,-20.119,30.980,-1621.213,OK,-23.096,-81.641,-1632.885,OK,-46.521,-12.467,-1624.741,Port 2: Hurwa SharpProbe  s/n:3B99C404,1111191622,1,OK,0.4354880,0.1340351,-0.1090921,0.8834499,-33.708,-158.862,-1680.445,0.0802062,4,OK,-31.015,-164.475,-1663.302,OK,-69.496,-193.158,-1666.840,OK,-94.874,-241.597,-1679.039,OK,-128.062,-205.327,-1662.094
2,Port 1: hurwa TestFinger  s/n:3BA21801,1111191625,1,OK,0.9978383,0.0596787,0.0222914,-0.0161307,18.600,-13.659,-1627.348,0.2064555,4,OK,18.551,-13.654,-1627.368,OK,-20.122,30.987,-1621.211,OK,-23.084,-81.641,-1632.910,OK,-46.515,-12.452,-1624.805,Port 2: Hurwa SharpProbe  s/n:3B99C404,1111191625,1,OK,0.4346750,0.1359291,-0.1104116,0.8833970,-33.611,-158.951,-1680.116,0.1239428,4,OK,-30.868,-164.621,-1663.045,OK,-69.316,-193.339,-1666.490,OK,-94.667,-241.818,-1678.966,OK,-127.862,-205.621,-1661.786
2,Port 1: hurwa TestFinger  s/n:3BA21801,1111191628,1,OK,0.9978337,0.0597233,0.0223805,-0.0161292,18.604,-13.652,-1627.359,0.2112943,4,OK,18.546,-13.638,-1627.381,OK,-20.108,30.996,-1621.206,OK,-23.083,-81.634,-1632.916,OK,-46.508,-12.457,-1624.811,Port 2: Hurwa SharpProbe  s/n:3B99C404,1111191628,1,OK,0.4348820,0.1376378,-0.1108495,0.8829756,-33.670,-158.882,-1680.051,0.1203523,4,OK,-30.874,-164.590,-1662.993,OK,-69.356,-193.279,-1666.420,OK,-94.764,-241.724,-1678.917,OK,-127.892,-205.552,-1661.562
2,Port 1: hurwa TestFinger  s/n:3BA21801,1111191631,1,OK,0.9978093,0.0600804,0.0225058,-0.0161364,18.591,-13.660,-1627.350,0.2096610,4,OK,18.541,-13.648,-1627.380,OK,-20.125,30.980,-1621.142,OK,-23.100,-81.637,-1632.938,OK,-46.520,-12.461,-1624.798,Port 2: Hurwa SharpProbe  s/n:3B99C404,1111191631,1,OK,0.4355071,0.1388884,-0.1110460,0.8824468,-33.789,-158.755,-1679.976,0.1098197,4,OK,-30.969,-164.500,-1662.929,OK,-69.494,-193.129,-1666.321,OK,-94.987,-241.495,-1678.805,OK,-128.023,-205.331,-1661.333
2,Port 1: hurwa TestFinger  s/n:3BA21801,1111191634,1,OK,0.9978328,0.0596842,0.0224984,-0.0161680,18.591,-13.651,-1627.330,0.2046779,4,OK,18.532,-13.640,-1627.344,OK,-20.122,30.995,-1621.183,OK,-23.102,-81.627,-1632.879,OK,-46.514,-12.447,-1624.754,Port 2: Hurwa SharpProbe  s/n:3B99C404,1111191634,1,OK,0.4349849,0.1422294,-0.1121305,0.8820350,-33.761,-158.803,-1679.868,0.1143309,4,OK,-30.853,-164.631,-1662.868,OK,-69.363,-193.277,-1666.201,OK,-94.870,-241.622,-1678.819,OK,-127.857,-205.563,-1660.994
2,Port 1: hurwa TestFinger  s/n:3BA21801,1111191637,1,OK,0.9978589,0.0592093,0.0226047,-0.0161530,18.592,-13.657,-1627.381,0.2048135,4,OK,18.537,-13.652,-1627.410,OK,-20.122,30.988,-1621.246,OK,-23.094,-81.626,-1632.841,OK,-46.520,-12.458,-1624.814,Port 2: Hurwa SharpProbe  s/n:3B99C404,1111191637,1,OK,0.4348736,0.1432212,-0.1124736,0.8818857,-33.763,-158.810,-1679.775,0.1280816,4,OK,-30.822,-164.655,-1662.800,OK,-69.325,-193.314,-1666.085,OK,-94.868,-241.636,-1678.766,OK,-127.826,-205.628,-1660.844
2,Port 1: hurwa TestFinger  s/n:3BA21801,1111191640,1,OK,0.9978403,0.0596326,0.0223053,-0.0161588,18.593,-13.657,-1627.310,0.2079994,4,OK,18.536,-13.647,-1627.334,OK,-20.118,30.991,-1621.167,OK,-23.097,-81.623,-1632.857,OK,-46.521,-12.462,-1624.775,Port 2: Hurwa SharpProbe  s/n:3B99C404,1111191640,1,OK,0.4350050,0.1438985,-0.1125827,0.8816966,-33.766,-158.812,-1679.698,0.1194541,4,OK,-30.800,-164.671,-1662.720,OK,-69.328,-193.323,-1666.018,OK,-94.898,-241.601,-1678.667,OK,-127.817,-205.635,-1660.693
2,Port 1: hurwa TestFinger  s/n:3BA21801,1111191643,1,OK,0.9978244,0.0599490,0.0221699,-0.0161552,18.591,-13.652,-1627.312,0.2125435,4,OK,18.539,-13.651,-1627.347,OK,-20.126,30.998,-1621.136,OK,-23.094,-81.625,-1632.905,OK,-46.525,-12.445,-1624.808,Port 2: Hurwa SharpProbe  s/n:3B99C404,1111191643,1,OK,0.4353755,0.1459345,-0.1135797,0.8810511,-33.909,-158.627,-1679.656,0.1160114,4,OK,-30.903,-164.541,-1662.701,OK,-69.472,-193.157,-1666.000,OK,-95.104,-241.399,-1678.755,OK,-127.960,-205.379,-1660.520
2,Port 1: hurwa TestFinger  s/n:3BA21801,1111191646,1,OK,0.9978478,0.0594392,0.0224932,-0.0161479,18.584,-13.657,-1627.324,0.2025280,4,OK,18.527,-13.649,-1627.334,OK,-20.132,30.989,-1621.206,OK,-23.106,-81.629,-1632.844,OK,-46.523,-12.460,-1624.742,Port 2: Hurwa SharpProbe  s/n:3B99C404,1111191646,1,OK,0.4361943,0.1450220,-0.1135087,0.8808058,-34.013,-158.484,-1679.670,0.0997870,4,OK,-31.047,-164.392,-1662.688,OK,-69.652,-192.925,-1666.052,OK,-95.369,-241.137,-1678.745,OK,-128.165,-205.049,-1660.600
2,Port 1: hurwa TestFinger  s/n:3BA21801,1111191649,1,OK,0.9978253,0.0596979,0.0228198,-0.0161278,18.591,-13.647,-1627.330,0.2096399,4,OK,18.535,-13.638,-1627.357,OK,-20.121,30.998,-1621.136,OK,-23.099,-81.620,-1632.842,OK,-46.516,-12.462,-1624.733,Port 2: Hurwa SharpProbe  s/n:3B99C404,1111191649,1,OK,0.4363726,0.1450854,-0.1130640,0.8807643,-34.037,-158.461,-1679.617,0.1130175,4,OK,-31.062,-164.357,-1662.651,OK,-69.672,-192.885,-1665.921,OK,-95.409,-241.091,-1678.600,OK,-128.194,-204.998,-1660.469
2,Port 1: hurwa TestFinger  s/n:3BA21801,1111191652,1,OK,0.9978541,0.0593810,0.0223284,-0.0162033,18.600,-13.657,-1627.340,0.2129940,4,OK,18.543,-13.648,-1627.384,OK,-20.108,30.994,-1621.188,OK,-23.095,-81.622,-1632.831,OK,-46.514,-12.453,-1624.832,Port 2: Hurwa SharpProbe  s/n:3B99C404,1111191652,1,OK,0.4373431,0.1451427,-0.1133252,0.8802397,-34.199,-158.238,-1679.725,0.1189419,4,OK,-31.233,-164.149,-1662.769,OK,-69.913,-192.588,-1666.018,OK,-95.747,-240.735,-1678.727,OK,-128.456,-204.565,-1660.570
2,Port 1: hurwa TestFinger  s/n:3BA21801,1111191655,1,OK,0.9978401,0.0595382,0.0225574,-0.0161712,18.595,-13.663,-1627.344,0.2087578,4,OK,18.543,-13.649,-1627.370,OK,-20.114,30.984,-1621.186,OK,-23.099,-81.639,-1632.856,OK,-46.518,-12.463,-1624.779,Port 2: Hurwa SharpProbe  s/n:3B99C404,1111191655,1,OK,0.4388487,0.1430508,-0.1133530,0.8798292,-34.409,-157.943,-1679.838,0.0916631,4,OK,-31.527,-163.831,-1662.833,OK,-70.277,-192.145,-1666.227,OK,-96.254,-240.204,-1678.845,OK,-128.884,-203.911,-1660.884
2,Port 1: hurwa TestFinger  s/n:3BA21801,1111191658,1,OK,0.9978377,0.0597092,0.0222262,-0.0161490,18.596,-13.650,-1627.290,0.2110019,4,OK,18.537,-13.641,-1627.318,OK,-20.115,30.997,-1621.139,OK,-23.089,-81.626,-1632.850,OK,-46.520,-12.447,-1624.771,Port 2: Hurwa SharpProbe  s/n:3B99C404,1111191658,1,OK,0.4389855,0.1428352,-0.1134233,0.8797869,-34.426,-157.907,-1679.900,0.0911925,4,OK,-31.552,-163.791,-1662.892,OK,-70.313,-192.097,-1666.304,OK,-96.298,-240.154,-1678.927,OK,-128.925,-203.832,-1660.976
2,Port 1: hurwa TestFinger  s/n:3BA21801,1111191661,1,OK,0.9978436,0.0597001,0.0219843,-0.0161466,18.594,-13.656,-1627.281,0.2084464,4,OK,18.539,-13.641,-1627.313,OK,-20.125,30.989,-1621.144,OK,-23.098,-81.629,-1632.855,OK,-46.515,-12.454,-1624.801,Port 2: Hurwa SharpProbe  s/n:3B99C404,1111191661,1,OK,0.4388530,0.1420301,-0.1137736,0.8799381,-34.404,-157.916,-1680.054,0.1400300,4,OK,-31.552,-163.798,-1663.090,OK,-70.308,-192.091,-1666.421,OK,-96.279,-240.178,-1679.210,OK,-128.940,-203.855,-1661.319
2,Port 1: hurwa TestFinger  s/n:3BA21801,1111191664,1,OK,0.9978274,0.0598489,0.0223328,-0.0161166,18.592,-13.658,-1627.303,0.2060767,4,OK,18.538,-13.645,-1627.320,OK,-20.126,30.982,-1621.148,OK,-23.093,-81.638,-1632.885,OK,-46.520,-12.457,-1624.753,Port 2: Hurwa SharpProbe  s/n:3B99C404,1111191664,1,OK,0.4391478,0.1389137,-0.1139773,0.8802621,-34.415,-157.843,-1680.411,0.1238784,4,OK,-31.665,-163.685,-1663.400,OK,-70.443,-191.959,-1666.928,OK,-96.363,-240.043,-1679.706,OK,-129.102,-203.629,-1662.087
2,Port 1: hurwa TestFinger  s/n:3BA21801,1111191667,1,OK,0.9978510,0.0596292,0.0218338,-0.0161535,18.594,-13.648,-1627.273,0.2038455,4,OK,18.535,-13.637,-1627.290,OK,-20.123,30.998,-1621.181,OK,-23.095,-81.615,-1632.866,OK,-46.517,-12.445,-1624.787,Port 2: Hurwa SharpProbe  s/n:3B99C404,1111191667,1,OK,0.4394731,0.1330732,-0.1138129,0.8810230,-34.394,-157.780,-1680.950,0.1124209,4,OK,-31.826,-163.531,-1663.868,OK,-70.593,-191.773,-1667.669,OK,-96.455,-239.888,-1680.403,OK,-129.317,-203.366,-1663.341
2,Port 1: hurwa TestFinger  s/n:3BA21801,1111191670,1,OK,0.9978295,0.0598117,0.0223182,-0.0161506,18.601,-13.660,-1627.314,0.2103186,4,OK,18.539,-13.647,-1627.329,OK,-20.108,30.989,-1621.169,OK,-23.087,-81.639,-1632.896,OK,-46.511,-12.460,-1624.763,Port 2: Hurwa SharpProbe  s/n:3B99C404,1111191670,1,OK,0.4389411,0.1305185,-0.1137699,0.8816757,-34.281,-157.890,-1681.259,0.1134308,4,OK,-31.788,-163.591,-1664.149,OK,-70.522,-191.895,-1668.072,OK,-96.262,-240.070,-1680.822,OK,-129.242,-203.508,-1663.990
2,Port 1: hurwa TestFinger  s/n:3BA21801,1111191673,1,OK,0.9978470,0.0595847,0.0221441,-0.0161434,18.597,-13.656,-1627.270,0.2118907,4,OK,18.544,-13.645,-1627.299,OK,-20.118,30.996,-1621.135,OK,-23.093,-81.632,-1632.819,OK,-46.516,-12.461,-1624.764,Port 2: Hurwa SharpProbe  s/n:3B99C404,1111191673,1,OK,0.4396680,0.1287258,-0.1130812,0.8816657,-34.364,-157.784,-1681.375,0.1303768,4,OK,-31.926,-163.444,-1664.265,OK,-70.686,-191.693,-1668.132,OK,-96.465,-239.868,-1680.853,OK,-129.436,-203.204,-1664.206
2,Port 1: hurwa TestFinger  s/n:3BA21801,1111191676,1,OK,0.9978334,0.0597819,0.0222367,-0.0161304,18.605,-13.656,-1627.281,0.2064647,4,OK,18.551,-13.649,-1627.304,OK,-20.113,30.989,-1621.132,OK,-23.082,-81.623,-1632.855,OK,-46.507,-12.461,-1624.753,Port 2: Hurwa SharpProbe  s/n:3B99C404,1111191676,1,OK,0.4397068,0.1282657,-0.1124249,0.8817973,-34.342,-157.813,-1681.140,0.0931762,4,OK,-31.905,-163.436,-1663.973,OK,-70.656,-191.712,-1667.940,OK,-96.453,-239.889,-1680.473,OK,-129.405,-203.232,-1663.909
2,Port 1: hurwa TestFinger  s/n:3BA21801,1111191679,1,OK,0.9978193,0.0599584,0.0223697,-0.0161611,18.600,-13.659,-1627.300,0.2127721,4,OK,18.549,-13.645,-1627.329,OK,-20.113,30.990,-1621.113,OK,-23.095,-81.635,-1632.882,OK,-46.513,-12.460,-1624.765,Port 2: Hurwa SharpProbe  s/n:3B99C404,1111191679,1,OK,0.4406868,0.1282670,-0.1120488,0.8813556,-34.505,-157.615,-1681.015,0.1150672,4,OK,-32.069,-163.237,-1663.873,OK,-70.881,-191.413,-1667.709,OK,-96.779,-239.572,-1680.255,OK,-129.648,-202.826,-1663.695
2,Port 1: hurwa TestFinger  s/n:3BA21801,1111191682,1,OK,0.9978379,0.0598023,0.0219712,-0.0161405,18.600,-13.651,-1627.261,0.2086408,4,OK,18.542,-13.637,-1627.288,OK,-20.116,30.993,-1621.125,OK,-23.089,-81.625,-1632.856,OK,-46.510,-12.451,-1624.774,Port 2: Hurwa SharpProbe  s/n:3B99C404,1111191682,1,OK,0.4417295,0.1277206,-0.1122021,0.8808934,-34.659,-157.403,-1681.081,0.0999367,4,OK,-32.246,-163.016,-1663.913,OK,-71.124,-191.118,-1667.830,OK,-97.131,-239.212,-1680.328,OK,-129.927,-202.376,-1663.805
2,Port 1: hurwa TestFinger  s/n:3BA21801,1111191685,1,OK,0.9978252,0.0598727,0.0223221,-0.0161821,18.600,-13.658,-1627.317,0.2059641,4,OK,18.549,-13.641,-1627.333,OK,-20.110,30.986,-1621.165,OK,-23.098,-81.631,-1632.904,OK,-46.514,-12.454,-1624.766,Port 2: Hurwa SharpProbe  s/n:3B99C404,1111191685,1,OK,0.4422671,0.1262092,-0.1124176,0.8808140,-34.732,-157.275,-1681.196,0.1044433,4,OK,-32.372,-162.879,-1664.021,OK,-71.282,-190.912,-1667.999,OK,-97.321,-238.998,-1680.528,OK,-130.111,-202.098,-1664.133
2,Port 1: hurwa TestFinger  s/n:3BA21801,1111191688,1,OK,0.9978284,0.0600147,0.0218133,-0.0161523,18.600,-13.658,-1627.281,0.2133148,4,OK,18.545,-13.644,-1627.305,OK,-20.113,30.993,-1621.144,OK,-23.088,-81.636,-1632.923,OK,-46.519,-12.453,-1624.808,Port 2: Hurwa SharpProbe  s/n:3B99C404,1111191688,1,OK,0.4425553,0.1254238,-0.1126920,0.8807464,-34.766,-157.200,-1681.387,0.1040737,4,OK,-32.439,-162.791,-1664.202,OK,-71.362,-190.816,-1668.243,OK,-97.415,-238.890,-1680.800,OK,-130.215,-201.920,-1664.451
2,Port 1: hurwa TestFinger  s/n:3BA21801,1111191691,1,OK,0.9978398,0.0597484,0.0220229,-0.0161535,18.591,-13.655,-1627.288,0.2067936,4,OK,18.533,-13.639,-1627.296,OK,-20.121,30.992,-1621.184,OK,-23.101,-81.629,-1632.891,OK,-46.521,-12.457,-1624.764,Port 2: Hurwa SharpProbe  s/n:3B99C404,1111191691,1,OK,0.4432177,0.1234301,-0.1117487,0.8808152,-34.832,-157.114,-1681.360,0.1180373,4,OK,-32.555,-162.660,-1664.173,OK,-71.504,-190.625,-1668.147,OK,-97.605,-238.679,-1680.632,OK,-130.371,-201.684,-1664.528
2,Port 1: hurwa TestFinger  s/n:3BA21801,1111191694,1,OK,0.9978456,0.0596143,0.0221282,-0.0161424,18.592,-13.659,-1627.277,0.2030999,4,OK,18.537,-13.651,-1627.287,OK,-20.125,30.986,-1621.173,OK,-23.094,-81.629,-1632.851,OK,-46.522,-12.459,-1624.741,Port 2: Hurwa SharpProbe  s/n:3B99C404,1111191694,1,OK,0.4438215,0.1240104,-0.1118368,0.8804183,-34.944,-156.980,-1681.279,0.1012570,4,OK,-32.657,-162.533,-1664.078,OK,-71.652,-190.461,-1668.080,OK,-97.812,-238.481,-1680.526,OK,-130.521,-201.413,-1664.346
2,Port 1: hurwa TestFinger  s/n:3BA21801,1111191697,1,OK,0.9978425,0.0595493,0.0224369,-0.0161474,18.586,-13.655,-1627.315,0.2083614,4,OK,18.534,-13.645,-1627.332,OK,-20.127,30.995,-1621.180,OK,-23.104,-81.633,-1632.848,OK,-46.529,-12.459,-1624.751,Port 2: Hurwa SharpProbe  s/n:3B99C404,1111191697,1,OK,0.4439695,0.1240411,-0.1112735,0.8804108,-34.964,-156.971,-1681.265,0.1373573,4,OK,-32.674,-162.519,-1664.106,OK,-71.661,-190.424,-1667.926,OK,-97.836,-238.458,-1680.412,OK,-130.542,-201.381,-1664.252
2,Port 1: hurwa TestFinger  s/n:3BA21801,1111191700,1,OK,0.9978268,0.0598219,0.0224242,-0.0161282,18.585,-13.645,-1627.310,0.2030567,4,OK,18.528,-13.641,-1627.319,OK,-20.133,30.997,-1621.166,OK,-23.099,-81.619,-1632.890,OK,-46.525,-12.443,-1624.734,Port 2: Hurwa SharpProbe  s/n:3B99C404,1111191700,1,OK,0.4439724,0.1238889,-0.1117721,0.8803676,-34.969,-156.928,-1681.263,0.1217061,4,OK,-32.683,-162.486,-1664.087,OK,-71.689,-190.385,-1668.014,OK,-97.862,-238.397,-1680.504,OK,-130.566,-201.338,-1664.344
2,Port 1: hurwa TestFinger  s/n:3BA21801,1111191703,1,OK,0.9978292,0.0598974,0.0221159,-0.0161299,18.581,-13.656,-1627.310,0.2099653,4,OK,18.525,-13.643,-1627.343,OK,-20.133,30.982,-1621.144,OK,-23.104,-81.629,-1632.900,OK,-46.537,-12.454,-1624.813,Port 2: Hurwa SharpProbe  s/n:3B99C404,1111191703,1,OK,0.4439992,0.1240714,-0.1117493,0.8803313,-34.982,-156.941,-1681.403,0.1042789,4,OK,-32.693,-162.498,-1664.209,OK,-71.692,-190.406,-1668.182,OK,-97.880,-238.404,-1680.622,OK,-130.578,-201.351,-1664.447
2,Port 1: hurwa TestFinger  s/n:3BA21801,1111191706,1,OK,0.9978366,0.0596488,0.0224355,-0.0161485,18.576,-13.648,-1627.302,0.2072629,4,OK,18.521,-13.638,-1627.322,OK,-20.137,30.998,-1621.155,OK,-23.113,-81.623,-1632.846,OK,-46.536,-12.450,-1624.743,Port 2: Hurwa SharpProbe  s/n:3B99C404,1111191706,1,OK,0.4445933,0.1244756,-0.1116903,0.8799818,-35.068,-156.834,-1681.297,0.1099220,4,OK,-32.769,-162.403,-1664.114,OK,-71.807,-190.248,-1668.033,OK,-98.068,-238.212,-1680.469,OK,-130.699,-201.135,-1664.261
2,Port 1: hurwa TestFinger  s/n:3BA21801,1111191709,1,OK,0.9978522,0.0594081,0.0223823,-0.0161448,18.589,-13.654,-1627.310,0.2045195,4,OK,18.529,-13.643,-1627.333,OK,-20.124,30.987,-1621.183,OK,-23.097,-81.629,-1632.821,OK,-46.523,-12.452,-1624.762,Port 2: Hurwa SharpProbe  s/n:3B99C404,1111191709,1,OK,0.4458995,0.1269122,-0.1120680,0.8789242,-35.302,-156.537,-1681.090,0.0920691,4,OK,-32.947,-162.160,-1663.912,OK,-72.080,-189.888,-1667.790,OK,-98.507,-237.764,-1680.201,OK,-130.985,-200.592,-1663.725
2,Port 1: hurwa TestFinger  s/n:3BA21801,1111191712,1,OK,0.9978550,0.0594935,0.0220073,-0.0161752,18.606,-13.660,-1627.283,0.2120173,4,OK,18.555,-13.644,-1627.321,OK,-20.105,30.988,-1621.154,OK,-23.088,-81.629,-1632.821,OK,-46.512,-12.460,-1624.809,Port 2: Hurwa SharpProbe  s/n:3B99C404,1111191712,1,OK,0.4460237,0.1277136,-0.1122106,0.8787268,-35.335,-156.488,-1680.951,0.1139434,4,OK,-32.952,-162.121,-1663.804,OK,-72.104,-189.843,-1667.588,OK,-98.571,-237.702,-1680.066,OK,-130.999,-200.542,-1663.513
2,Port 1: hurwa TestFinger  s/n:3BA21801,1111191715,1,OK,0.9978345,0.0597413,0.0222707,-0.0161674,18.599,-13.650,-1627.315,0.2046007,4,OK,18.541,-13.636,-1627.317,OK,-20.113,30.997,-1621.198,OK,-23.094,-81.624,-1632.901,OK,-46.510,-12.447,-1624.749,Port 2: Hurwa SharpProbe  s/n:3B99C404,1111191715,1,OK,0.4457485,0.1275263,-0.1122025,0.8788947,-35.277,-156.544,-1681.104,0.0865507,4,OK,-32.901,-162.171,-1663.924,OK,-72.030,-189.930,-1667.816,OK,-98.465,-237.783,-1680.215,OK,-130.923,-200.654,-1663.687
2,Port 1: hurwa TestFinger  s/n:3BA21801,1111191718,1,OK,0.9978413,0.0597171,0.0220147,-0.0161870,18.589,-13.665,-1627.293,0.2041940,4,OK,18.539,-13.646,-1627.299,OK,-20.123,30.982,-1621.193,OK,-23.111,-81.636,-1632.892,OK,-46.525,-12.462,-1624.768,Port 2: Hurwa SharpProbe  s/n:3B99C404,1111191718,1,OK,0.4475960,0.1233560,-0.1112733,0.8786691,-35.512,-156.213,-1681.196,0.0939678,4,OK,-33.264,-161.757,-1663.981,OK,-72.488,-189.362,-1667.915,OK,-99.037,-237.189,-1680.228,OK,-131.443,-199.824,-1664.107
2,Port 1: hurwa TestFinger  s/n:3BA21801,1111191721,1,OK,0.9978511,0.0595198,0.0221438,-0.0161294,18.590,-13.643,-1627.288,0.2078542,4,OK,18.539,-13.629,-1627.319,OK,-20.128,31.001,-1621.157,OK,-23.099,-81.617,-1632.826,OK,-46.520,-12.448,-1624.785,Port 2: Hurwa SharpProbe  s/n:3B99C404,1111191721,1,OK,0.4488765,0.1214165,-0.1113604,0.8782749,-35.696,-155.909,-1681.381,0.1070734,4,OK,-33.514,-161.424,-1664.164,OK,-72.817,-188.926,-1668.127,OK,-99.471,-236.685,-1680.470,OK,-131.814,-199.197,-1664.518
2,Port 1: hurwa TestFinger  s/n:3BA21801,1111191724,1,OK,0.9978511,0.0594274,0.0223686,-0.0161648,18.588,-13.643,-1627.338,0.2055183,4,OK,18.540,-13.631,-1627.358,OK,-20.125,31.005,-1621.214,OK,-23.105,-81.614,-1632.855,OK,-46.529,-12.444,-1624.787,Port 2: Hurwa SharpProbe  s/n:3B99C404,1111191724,1,OK,0.4493003,0.1178113,-0.1106265,0.8786418,-35.686,-155.873,-1681.704,0.1118000,4,OK,-33.612,-161.316,-1664.458,OK,-72.908,-188.787,-1668.490,OK,-99.546,-236.571,-1680.776,OK,-131.952,-198.985,-1665.186
2,Port 1: hurwa TestFinger  s/n:3BA21801,1111191727,1,OK,0.9978548,0.0594047,0.0222746,-0.0161461,18.598,-13.651,-1627.295,0.2115847,4,OK,18.534,-13.635,-1627.332,OK,-20.111,30.993,-1621.155,OK,-23.090,-81.626,-1632.801,OK,-46.512,-12.454,-1624.785,Port 2: Hurwa SharpProbe  s/n:3B99C404,1111191727,1,OK,0.4489993,0.1193472,-0.1142344,0.8781266,-35.715,-155.734,-1682.127,0.1067206,4,OK,-33.649,-161.303,-1664.907,OK,-72.964,-188.729,-1669.214,OK,-99.618,-236.444,-1681.873,OK,-131.997,-198.915,-1665.987
2,Port 1: hurwa TestFinger  s/n:3BA21801,1111191730,1,OK,0.9978418,0.0597276,0.0220078,-0.0161255,18.594,-13.636,-1627.300,0.2030731,4,OK,18.539,-13.620,-1627.319,OK,-20.123,30.999,-1621.179,OK,-23.093,-81.609,-1632.888,OK,-46.521,-12.435,-1624.797,Port 2: Hurwa SharpProbe  s/n:3B99C404,1111191730,1,OK,0.4493082,0.1142766,-0.1126588,0.8788464,-35.678,-155.758,-1682.551,0.1163445,4,OK,-33.748,-161.206,-1665.294,OK,-73.046,-188.634,-1669.641,OK,-99.639,-236.390,-1682.170,OK,-132.110,-198.772,-1666.831
2,Port 1: hurwa TestFinger  s/n:3BA21801,1111191733,1,OK,0.9978071,0.0600607,0.0226512,-0.0161439,18.590,-13.651,-1627.326,0.2077952,4,OK,18.530,-13.640,-1627.345,OK,-20.117,30.989,-1621.124,OK,-23.099,-81.620,-1632.908,OK,-46.520,-12.458,-1624.739,Port 2: Hurwa SharpProbe  s/n:3B99C404,1111191733,1,OK,0.4491263,0.1132551,-0.1124799,0.8790945,-35.618,-155.833,-1682.627,0.1045404,4,OK,-33.713,-161.265,-1665.346,OK,-72.998,-188.699,-1669.771,OK,-99.545,-236.484,-1682.249,OK,-132.068,-198.865,-1667.014
2,Port 1: hurwa TestFinger  s/n:3BA21801,1111191736,1,OK,0.9978521,0.0594571,0.0222367,-0.0161752,18.599,-13.647,-1627.293,0.2052993,4,OK,18.540,-13.629,-1627.305,OK,-20.109,30.999,-1621.189,OK,-23.094,-81.623,-1632.833,OK,-46.514,-12.443,-1624.748,Port 2: Hurwa SharpProbe  s/n:3B99C404,1111191736,1,OK,0.4486114,0.1135359,-0.1128315,0.8792761,-35.562,-155.888,-1682.626,0.1036489,4,OK,-33.654,-161.327,-1665.346,OK,-72.910,-188.803,-1669.803,OK,-99.413,-236.625,-1682.326,OK,-131.954,-199.027,-1667.049
2,Port 1: hurwa TestFinger  s/n:3BA21801,1111191739,1,OK,0.9978220,0.0596719,0.0230110,-0.0161543,18.603,-13.651,-1627.271,0.1973462,4,OK,18.540,-13.643,-1627.269,OK,-20.106,30.983,-1621.111,OK,-23.087,-81.617,-1632.792,OK,-46.500,-12.454,-1624.602,Port 2: Hurwa SharpProbe  s/n:3B99C404,1111191739,1,OK,0.4482455,0.1140889,-0.1123719,0.8794500,-35.468,-156.025,-1682.597,0.0934763,4,OK,-33.533,-161.467,-1665.311,OK,-72.768,-188.983,-1669.737,OK,-99.221,-236.807,-1682.185,OK,-131.806,-199.264,-1666.882
